# sizeof probe, x86_64, limit 65507 B (tt_MAX_BUFFER_LENGTH)
example_interfaces/msg/WString	-	NOT_GENERATED	UnsupportedFieldError: field 'data': wstring is out of scope
action_msgs/msg/GoalInfo	24	CREATE_OK	max_wire_size 24
action_msgs/msg/GoalStatus	28	CREATE_OK	max_wire_size 25
action_msgs/msg/GoalStatusArray	1796	CREATE_OK	max_wire_size 1796
action_msgs/srv/CancelGoal_Request	24	CREATE_OK	max_wire_size 24
action_msgs/srv/CancelGoal_Response	1540	CREATE_OK	max_wire_size 1540
actionlib_msgs/msg/GoalID	16	CREATE_OK	max_wire_size 10
actionlib_msgs/msg/GoalStatus	28	CREATE_OK	max_wire_size 14
actionlib_msgs/msg/GoalStatusArray	468	CREATE_OK	max_wire_size 268
builtin_interfaces/msg/Duration	8	CREATE_OK	max_wire_size 8
builtin_interfaces/msg/Time	8	CREATE_OK	max_wire_size 8
composition_interfaces/srv/ListNodes_Request	1	CREATE_OK	max_wire_size 0
composition_interfaces/srv/ListNodes_Response	264	CREATE_OK	max_wire_size 164
composition_interfaces/srv/LoadNode_Request	748	CREATE_OK	max_wire_size 516
composition_interfaces/srv/LoadNode_Response	28	CREATE_OK	max_wire_size 16
composition_interfaces/srv/UnloadNode_Request	8	CREATE_OK	max_wire_size 8
composition_interfaces/srv/UnloadNode_Response	12	CREATE_OK	max_wire_size 4
diagnostic_msgs/msg/DiagnosticArray	660	CREATE_OK	max_wire_size 180
diagnostic_msgs/msg/DiagnosticStatus	160	CREATE_OK	max_wire_size 42
diagnostic_msgs/msg/KeyValue	16	CREATE_OK	max_wire_size 4
diagnostic_msgs/srv/AddDiagnostics_Request	8	CREATE_OK	max_wire_size 2
diagnostic_msgs/srv/AddDiagnostics_Response	12	CREATE_OK	max_wire_size 4
diagnostic_msgs/srv/SelfTest_Request	1	CREATE_OK	max_wire_size 0
diagnostic_msgs/srv/SelfTest_Response	652	CREATE_OK	max_wire_size 174
example_interfaces/msg/Bool	1	CREATE_OK	max_wire_size 1
example_interfaces/msg/Byte	1	CREATE_OK	max_wire_size 1
example_interfaces/msg/ByteMultiArray	16460	CREATE_OK	max_wire_size 16442
example_interfaces/msg/Char	1	CREATE_OK	max_wire_size 1
example_interfaces/msg/Empty	1	CREATE_OK	max_wire_size 0
example_interfaces/msg/Float32	4	CREATE_OK	max_wire_size 4
example_interfaces/msg/Float32MultiArray	16460	CREATE_OK	max_wire_size 16444
example_interfaces/msg/Float64	8	CREATE_OK	max_wire_size 8
example_interfaces/msg/Float64MultiArray	16460	CREATE_OK	max_wire_size 16444
example_interfaces/msg/Int16	2	CREATE_OK	max_wire_size 2
example_interfaces/msg/Int16MultiArray	16460	CREATE_OK	max_wire_size 16442
example_interfaces/msg/Int32	4	CREATE_OK	max_wire_size 4
example_interfaces/msg/Int32MultiArray	16460	CREATE_OK	max_wire_size 16444
example_interfaces/msg/Int64	8	CREATE_OK	max_wire_size 8
example_interfaces/msg/Int64MultiArray	16460	CREATE_OK	max_wire_size 16444
example_interfaces/msg/Int8	1	CREATE_OK	max_wire_size 1
example_interfaces/msg/Int8MultiArray	16460	CREATE_OK	max_wire_size 16442
example_interfaces/msg/MultiArrayDimension	16	CREATE_OK	max_wire_size 12
example_interfaces/msg/MultiArrayLayout	72	CREATE_OK	max_wire_size 56
example_interfaces/msg/String	8	CREATE_OK	max_wire_size 2
example_interfaces/msg/UInt16	2	CREATE_OK	max_wire_size 2
example_interfaces/msg/UInt16MultiArray	16460	CREATE_OK	max_wire_size 16442
example_interfaces/msg/UInt32	4	CREATE_OK	max_wire_size 4
example_interfaces/msg/UInt32MultiArray	16460	CREATE_OK	max_wire_size 16444
example_interfaces/msg/UInt64	8	CREATE_OK	max_wire_size 8
example_interfaces/msg/UInt64MultiArray	16460	CREATE_OK	max_wire_size 16444
example_interfaces/msg/UInt8	1	CREATE_OK	max_wire_size 1
example_interfaces/msg/UInt8MultiArray	16460	CREATE_OK	max_wire_size 16442
example_interfaces/srv/AddTwoInts_Request	16	CREATE_OK	max_wire_size 16
example_interfaces/srv/AddTwoInts_Response	8	CREATE_OK	max_wire_size 8
example_interfaces/srv/SetBool_Request	1	CREATE_OK	max_wire_size 1
example_interfaces/srv/SetBool_Response	12	CREATE_OK	max_wire_size 4
example_interfaces/srv/Trigger_Request	1	CREATE_OK	max_wire_size 0
example_interfaces/srv/Trigger_Response	12	CREATE_OK	max_wire_size 4
geometry_msgs/msg/Accel	48	CREATE_OK	max_wire_size 48
geometry_msgs/msg/AccelStamped	64	CREATE_OK	max_wire_size 60
geometry_msgs/msg/AccelWithCovariance	336	CREATE_OK	max_wire_size 336
geometry_msgs/msg/AccelWithCovarianceStamped	352	CREATE_OK	max_wire_size 348
geometry_msgs/msg/Inertia	80	CREATE_OK	max_wire_size 80
geometry_msgs/msg/InertiaStamped	96	CREATE_OK	max_wire_size 92
geometry_msgs/msg/Point	24	CREATE_OK	max_wire_size 24
geometry_msgs/msg/Point32	12	CREATE_OK	max_wire_size 12
geometry_msgs/msg/PointStamped	40	CREATE_OK	max_wire_size 36
geometry_msgs/msg/Polygon	1348	CREATE_OK	max_wire_size 1348
geometry_msgs/msg/PolygonInstance	1356	CREATE_OK	max_wire_size 1356
geometry_msgs/msg/PolygonInstanceStamped	1372	CREATE_OK	max_wire_size 1368
geometry_msgs/msg/PolygonStamped	1364	CREATE_OK	max_wire_size 1358
geometry_msgs/msg/Pose	56	CREATE_OK	max_wire_size 56
geometry_msgs/msg/Pose2D	24	CREATE_OK	max_wire_size 24
geometry_msgs/msg/PoseArray	1364	CREATE_OK	max_wire_size 1356
geometry_msgs/msg/PoseStamped	72	CREATE_OK	max_wire_size 68
geometry_msgs/msg/PoseWithCovariance	344	CREATE_OK	max_wire_size 344
geometry_msgs/msg/PoseWithCovarianceStamped	360	CREATE_OK	max_wire_size 356
geometry_msgs/msg/Quaternion	32	CREATE_OK	max_wire_size 32
geometry_msgs/msg/QuaternionStamped	48	CREATE_OK	max_wire_size 44
geometry_msgs/msg/Transform	56	CREATE_OK	max_wire_size 56
geometry_msgs/msg/TransformStamped	80	CREATE_OK	max_wire_size 68
geometry_msgs/msg/Twist	48	CREATE_OK	max_wire_size 48
geometry_msgs/msg/TwistStamped	64	CREATE_OK	max_wire_size 60
geometry_msgs/msg/TwistWithCovariance	336	CREATE_OK	max_wire_size 336
geometry_msgs/msg/TwistWithCovarianceStamped	352	CREATE_OK	max_wire_size 348
geometry_msgs/msg/Vector3	24	CREATE_OK	max_wire_size 24
geometry_msgs/msg/Vector3Stamped	40	CREATE_OK	max_wire_size 36
geometry_msgs/msg/VelocityStamped	80	CREATE_OK	max_wire_size 64
geometry_msgs/msg/VelocityWithCovarianceStamped	368	CREATE_OK	max_wire_size 352
geometry_msgs/msg/Wrench	48	CREATE_OK	max_wire_size 48
geometry_msgs/msg/WrenchStamped	64	CREATE_OK	max_wire_size 60
lifecycle_msgs/msg/State	12	CREATE_OK	max_wire_size 4
lifecycle_msgs/msg/Transition	12	CREATE_OK	max_wire_size 4
lifecycle_msgs/msg/TransitionDescription	36	CREATE_OK	max_wire_size 12
lifecycle_msgs/msg/TransitionEvent	44	CREATE_OK	max_wire_size 20
lifecycle_msgs/srv/ChangeState_Request	12	CREATE_OK	max_wire_size 4
lifecycle_msgs/srv/ChangeState_Response	1	CREATE_OK	max_wire_size 1
lifecycle_msgs/srv/GetAvailableStates_Request	1	CREATE_OK	max_wire_size 0
lifecycle_msgs/srv/GetAvailableStates_Response	196	CREATE_OK	max_wire_size 66
lifecycle_msgs/srv/GetAvailableTransitions_Request	1	CREATE_OK	max_wire_size 0
lifecycle_msgs/srv/GetAvailableTransitions_Response	580	CREATE_OK	max_wire_size 194
lifecycle_msgs/srv/GetState_Request	1	CREATE_OK	max_wire_size 0
lifecycle_msgs/srv/GetState_Response	12	CREATE_OK	max_wire_size 4
nav_msgs/msg/Goals	4628	CREATE_OK	max_wire_size 4364
nav_msgs/msg/GridCells	1372	CREATE_OK	max_wire_size 1368
nav_msgs/msg/MapMetaData	76	CREATE_OK	max_wire_size 76
nav_msgs/msg/OccupancyGrid	64096	CREATE_OK	max_wire_size 64090
nav_msgs/msg/Odometry	704	CREATE_OK	max_wire_size 692
nav_msgs/msg/Path	36884	CREATE_OK	max_wire_size 34828
nav_msgs/msg/Trajectory	27668	CREATE_OK	max_wire_size 27148
nav_msgs/msg/TrajectoryPoint	216	CREATE_OK	max_wire_size 212
nav_msgs/srv/GetMap_Request	1	CREATE_OK	max_wire_size 0
nav_msgs/srv/GetMap_Response	64096	CREATE_OK	max_wire_size 64090
nav_msgs/srv/GetPlan_Request	148	CREATE_OK	max_wire_size 140
nav_msgs/srv/GetPlan_Response	36884	CREATE_OK	max_wire_size 34828
nav_msgs/srv/LoadMap_Request	8	CREATE_OK	max_wire_size 2
nav_msgs/srv/LoadMap_Response	64100	CREATE_OK	max_wire_size 64091
nav_msgs/srv/SetMap_Request	64456	CREATE_OK	max_wire_size 64448
nav_msgs/srv/SetMap_Response	1	CREATE_OK	max_wire_size 1
rcl_interfaces/msg/FloatingPointRange	24	CREATE_OK	max_wire_size 24
rcl_interfaces/msg/IntegerRange	24	CREATE_OK	max_wire_size 24
rcl_interfaces/msg/ListParametersResult	136	CREATE_OK	max_wire_size 36
rcl_interfaces/msg/Log	48	CREATE_OK	max_wire_size 24
rcl_interfaces/msg/LoggerLevel	12	CREATE_OK	max_wire_size 8
rcl_interfaces/msg/Parameter	80	CREATE_OK	max_wire_size 60
rcl_interfaces/msg/ParameterDescriptor	84	CREATE_OK	max_wire_size 64
rcl_interfaces/msg/ParameterEvent	268	CREATE_OK	max_wire_size 200
rcl_interfaces/msg/ParameterEventDescriptors	1020	CREATE_OK	max_wire_size 774
rcl_interfaces/msg/ParameterType	1	CREATE_OK	max_wire_size 0
rcl_interfaces/msg/ParameterValue	72	CREATE_OK	max_wire_size 56
rcl_interfaces/msg/SetLoggerLevelsResult	12	CREATE_OK	max_wire_size 4
rcl_interfaces/msg/SetParametersResult	12	CREATE_OK	max_wire_size 4
rcl_interfaces/srv/DescribeParameters_Request	68	CREATE_OK	max_wire_size 18
rcl_interfaces/srv/DescribeParameters_Response	676	CREATE_OK	max_wire_size 514
rcl_interfaces/srv/GetLoggerLevels_Request	68	CREATE_OK	max_wire_size 18
rcl_interfaces/srv/GetLoggerLevels_Response	100	CREATE_OK	max_wire_size 68
rcl_interfaces/srv/GetParameterTypes_Request	68	CREATE_OK	max_wire_size 18
rcl_interfaces/srv/GetParameterTypes_Response	10	CREATE_OK	max_wire_size 10
rcl_interfaces/srv/GetParameters_Request	68	CREATE_OK	max_wire_size 18
rcl_interfaces/srv/GetParameters_Response	580	CREATE_OK	max_wire_size 452
rcl_interfaces/srv/ListParameters_Request	76	CREATE_OK	max_wire_size 28
rcl_interfaces/srv/ListParameters_Response	136	CREATE_OK	max_wire_size 36
rcl_interfaces/srv/SetLoggerLevels_Request	100	CREATE_OK	max_wire_size 68
rcl_interfaces/srv/SetLoggerLevels_Response	100	CREATE_OK	max_wire_size 34
rcl_interfaces/srv/SetParameters_Request	644	CREATE_OK	max_wire_size 484
rcl_interfaces/srv/SetParameters_Response	100	CREATE_OK	max_wire_size 34
rcl_interfaces/srv/SetParametersAtomically_Request	644	CREATE_OK	max_wire_size 484
rcl_interfaces/srv/SetParametersAtomically_Response	12	CREATE_OK	max_wire_size 4
rosgraph_msgs/msg/Action	656	CREATE_OK	max_wire_size 568
rosgraph_msgs/msg/Clock	8	CREATE_OK	max_wire_size 8
rosgraph_msgs/msg/Graph	23812	CREATE_OK	max_wire_size 20354
rosgraph_msgs/msg/InterfaceType	44	CREATE_OK	max_wire_size 35
rosgraph_msgs/msg/Node	2976	CREATE_OK	max_wire_size 2544
rosgraph_msgs/msg/QoSProfile	32	CREATE_OK	max_wire_size 32
rosgraph_msgs/msg/Service	160	CREATE_OK	max_wire_size 140
rosgraph_msgs/msg/Topic	84	CREATE_OK	max_wire_size 72
rosgraph_msgs/msg/TypeHash	33	CREATE_OK	max_wire_size 33
sensor_msgs/msg/BatteryState	584	CREATE_OK	max_wire_size 568
sensor_msgs/msg/CameraInfo	368	CREATE_OK	max_wire_size 353
sensor_msgs/msg/ChannelFloat32	8204	CREATE_OK	max_wire_size 8196
sensor_msgs/msg/CompressedImage	48028	CREATE_OK	max_wire_size 48014
sensor_msgs/msg/FluidPressure	32	CREATE_OK	max_wire_size 28
sensor_msgs/msg/Illuminance	32	CREATE_OK	max_wire_size 28
sensor_msgs/msg/Image	64044	CREATE_OK	max_wire_size 64030
sensor_msgs/msg/Imu	312	CREATE_OK	max_wire_size 308
sensor_msgs/msg/JointState	800	CREATE_OK	max_wire_size 648
sensor_msgs/msg/Joy	280	CREATE_OK	max_wire_size 272
sensor_msgs/msg/JoyFeedback	8	CREATE_OK	max_wire_size 8
sensor_msgs/msg/JoyFeedbackArray	516	CREATE_OK	max_wire_size 516
sensor_msgs/msg/LaserEcho	20	CREATE_OK	max_wire_size 20
sensor_msgs/msg/LaserScan	32820	CREATE_OK	max_wire_size 32816
sensor_msgs/msg/MagneticField	112	CREATE_OK	max_wire_size 108
sensor_msgs/msg/MultiDOFJointState	1312	CREATE_OK	max_wire_size 1256
sensor_msgs/msg/MultiEchoLaserScan	41012	CREATE_OK	max_wire_size 41004
sensor_msgs/msg/NavSatFix	120	CREATE_OK	max_wire_size 113
sensor_msgs/msg/NavSatStatus	4	CREATE_OK	max_wire_size 4
sensor_msgs/msg/PointCloud	41008	CREATE_OK	max_wire_size 40982
sensor_msgs/msg/PointCloud2	64204	CREATE_OK	max_wire_size 64167
sensor_msgs/msg/PointField	20	CREATE_OK	max_wire_size 16
sensor_msgs/msg/Range	40	CREATE_OK	max_wire_size 32
sensor_msgs/msg/RegionOfInterest	20	CREATE_OK	max_wire_size 17
sensor_msgs/msg/RelativeHumidity	32	CREATE_OK	max_wire_size 28
sensor_msgs/msg/Temperature	32	CREATE_OK	max_wire_size 28
sensor_msgs/msg/TimeReference	32	CREATE_OK	max_wire_size 22
sensor_msgs/srv/SetCameraInfo_Request	368	CREATE_OK	max_wire_size 353
sensor_msgs/srv/SetCameraInfo_Response	12	CREATE_OK	max_wire_size 4
service_msgs/msg/ServiceEventInfo	36	CREATE_OK	max_wire_size 36
shape_msgs/msg/Mesh	36872	CREATE_OK	max_wire_size 36872
shape_msgs/msg/MeshTriangle	12	CREATE_OK	max_wire_size 12
shape_msgs/msg/Plane	32	CREATE_OK	max_wire_size 32
shape_msgs/msg/SolidPrimitive	1376	CREATE_OK	max_wire_size 1376
statistics_msgs/msg/MetricsMessage	428	CREATE_OK	max_wire_size 412
statistics_msgs/msg/StatisticDataPoint	12	CREATE_OK	max_wire_size 12
statistics_msgs/msg/StatisticDataType	1	CREATE_OK	max_wire_size 0
std_msgs/msg/Bool	1	CREATE_OK	max_wire_size 1
std_msgs/msg/Byte	1	CREATE_OK	max_wire_size 1
std_msgs/msg/ByteMultiArray	16460	CREATE_OK	max_wire_size 16442
std_msgs/msg/Char	1	CREATE_OK	max_wire_size 1
std_msgs/msg/ColorRGBA	16	CREATE_OK	max_wire_size 16
std_msgs/msg/Empty	1	CREATE_OK	max_wire_size 0
std_msgs/msg/Float32	4	CREATE_OK	max_wire_size 4
std_msgs/msg/Float32MultiArray	16460	CREATE_OK	max_wire_size 16444
std_msgs/msg/Float64	8	CREATE_OK	max_wire_size 8
std_msgs/msg/Float64MultiArray	16460	CREATE_OK	max_wire_size 16444
std_msgs/msg/Header	16	CREATE_OK	max_wire_size 10
std_msgs/msg/Int16	2	CREATE_OK	max_wire_size 2
std_msgs/msg/Int16MultiArray	16460	CREATE_OK	max_wire_size 16442
std_msgs/msg/Int32	4	CREATE_OK	max_wire_size 4
std_msgs/msg/Int32MultiArray	16460	CREATE_OK	max_wire_size 16444
std_msgs/msg/Int64	8	CREATE_OK	max_wire_size 8
std_msgs/msg/Int64MultiArray	16460	CREATE_OK	max_wire_size 16444
std_msgs/msg/Int8	1	CREATE_OK	max_wire_size 1
std_msgs/msg/Int8MultiArray	16460	CREATE_OK	max_wire_size 16442
std_msgs/msg/MultiArrayDimension	16	CREATE_OK	max_wire_size 12
std_msgs/msg/MultiArrayLayout	72	CREATE_OK	max_wire_size 56
std_msgs/msg/String	8	CREATE_OK	max_wire_size 2
std_msgs/msg/UInt16	2	CREATE_OK	max_wire_size 2
std_msgs/msg/UInt16MultiArray	16460	CREATE_OK	max_wire_size 16442
std_msgs/msg/UInt32	4	CREATE_OK	max_wire_size 4
std_msgs/msg/UInt32MultiArray	16460	CREATE_OK	max_wire_size 16444
std_msgs/msg/UInt64	8	CREATE_OK	max_wire_size 8
std_msgs/msg/UInt64MultiArray	16460	CREATE_OK	max_wire_size 16444
std_msgs/msg/UInt8	1	CREATE_OK	max_wire_size 1
std_msgs/msg/UInt8MultiArray	16460	CREATE_OK	max_wire_size 16442
std_srvs/srv/Empty_Request	1	CREATE_OK	max_wire_size 0
std_srvs/srv/Empty_Response	1	CREATE_OK	max_wire_size 0
std_srvs/srv/SetBool_Request	1	CREATE_OK	max_wire_size 1
std_srvs/srv/SetBool_Response	12	CREATE_OK	max_wire_size 4
std_srvs/srv/Trigger_Request	1	CREATE_OK	max_wire_size 0
std_srvs/srv/Trigger_Response	12	CREATE_OK	max_wire_size 4
stereo_msgs/msg/DisparityImage	64100	CREATE_OK	max_wire_size 64084
test_msgs/msg/Builtins	16	CREATE_OK	max_wire_size 16
tf2_msgs/msg/TF2Error	12	CREATE_OK	max_wire_size 4
tf2_msgs/msg/TFMessage	804	CREATE_OK	max_wire_size 684
tf2_msgs/srv/FrameGraph_Request	1	CREATE_OK	max_wire_size 0
tf2_msgs/srv/FrameGraph_Response	8	CREATE_OK	max_wire_size 2
trajectory_msgs/msg/JointTrajectory	53752	CREATE_OK	max_wire_size 53648
trajectory_msgs/msg/JointTrajectoryPoint	536	CREATE_OK	max_wire_size 536
trajectory_msgs/msg/MultiDOFJointTrajectory	40248	CREATE_OK	max_wire_size 40216
trajectory_msgs/msg/MultiDOFJointTrajectoryPoint	628	CREATE_OK	max_wire_size 628
type_description_interfaces/msg/Field	292	CREATE_OK	max_wire_size 286
type_description_interfaces/msg/FieldType	276	CREATE_OK	max_wire_size 280
type_description_interfaces/msg/IndividualTypeDescription	3764	CREATE_OK	max_wire_size 3720
type_description_interfaces/msg/KeyValue	16	CREATE_OK	max_wire_size 4
type_description_interfaces/msg/TypeDescription	18824	CREATE_OK	max_wire_size 18602
type_description_interfaces/msg/TypeSource	24	CREATE_OK	max_wire_size 6
type_description_interfaces/srv/GetTypeDescription_Request	20	CREATE_OK	max_wire_size 5
type_description_interfaces/srv/GetTypeDescription_Response	19068	CREATE_OK	max_wire_size 18666
unique_identifier_msgs/msg/UUID	16	CREATE_OK	max_wire_size 16
visualization_msgs/msg/ImageMarker	1076	CREATE_OK	max_wire_size 1064
visualization_msgs/msg/InteractiveMarker	56876	CREATE_OK	max_wire_size 56748
visualization_msgs/msg/InteractiveMarkerControl	56664	CREATE_OK	max_wire_size 56600
visualization_msgs/msg/InteractiveMarkerFeedback	132	CREATE_OK	max_wire_size 105
visualization_msgs/msg/InteractiveMarkerInit	56896	CREATE_OK	max_wire_size 56764
visualization_msgs/msg/InteractiveMarkerPose	80	CREATE_OK	max_wire_size 70
visualization_msgs/msg/InteractiveMarkerUpdate	57256	CREATE_OK	max_wire_size 57066
visualization_msgs/msg/Marker	56604	CREATE_OK	max_wire_size 56549
visualization_msgs/msg/MarkerArray	56608	CREATE_OK	max_wire_size 56556
visualization_msgs/msg/MenuEntry	28	CREATE_OK	max_wire_size 13
visualization_msgs/msg/MeshFile	8012	CREATE_OK	max_wire_size 8004
visualization_msgs/msg/UVCoordinate	8	CREATE_OK	max_wire_size 8
visualization_msgs/srv/GetInteractiveMarkers_Request	1	CREATE_OK	max_wire_size 0
visualization_msgs/srv/GetInteractiveMarkers_Response	56888	CREATE_OK	max_wire_size 56760
